,1-499,500-999,1000-1999,2000-3999,4000-5999,6000-7999,8000-9999,10000-11999,12000-13999,14000-15999,16000-17999,18000-99999
nyc,"['abe', 'ack', 'alb', 'avp', 'bdl', 'bos', 'btv', 'buf', 'bwi', 'dca', 'ewr', 'hpn', 'hya', 'iad', 'jfk', 'mdt', 'mht', 'mvy', 'orf', 'phf', 'phl', 'pvd', 'pwm', 'ric', 'roc', 'sce', 'swf', 'syr', 'yoo']","['avl', 'azo', 'bgr', 'cae', 'cak', 'cle', 'clt', 'cmh', 'crw', 'cvg', 'det', 'dtw', 'fnt', 'fwa', 'grr', 'gso', 'gsp', 'lan', 'lex', 'lwb', 'mfd', 'myr', 'pit', 'rdu', 'roa', 'tol', 'tri', 'yhz', 'yip', 'ymx', 'yow', 'yqb', 'yqm', 'ysb', 'ytz', 'yul', 'yyz']","['ags', 'atl', 'bda', 'bhm', 'bmi', 'bna', 'cha', 'chs', 'cid', 'cmi', 'dab', 'dlh', 'dsm', 'ecp', 'eyw', 'fll', 'fsd', 'ggt', 'gnv', 'gpt', 'grb', 'gtr', 'hsv', 'ind', 'jax', 'lit', 'lnk', 'mci', 'mco', 'mdw', 'mem', 'mgm', 'mia', 'mke', 'mlb', 'mlu', 'msn', 'msp', 'msy', 'nas', 'oma', 'ord', 'pbi', 'pns', 'rst', 'rsw', 'sav', 'sbn', 'sdf', 'spg', 'srq', 'stl', 'sux', 'tpa', 'tul', 'tys', 'vps', 'xna', 'yqx', 'yyt']","['abq', 'agu', 'ama', 'anu', 'ase', 'aua', 'aus', 'baq', 'bfi', 'bga', 'bgi', 'bil', 'bjx', 'bli', 'boi', 'bon', 'bro', 'bur', 'bze', 'bzn', 'ccs', 'cll', 'crp', 'ctg', 'cun', 'dal', 'den', 'dfw', 'dom', 'ege', 'elp', 'eoh', 'eug', 'fat', 'fca', 'fdf', 'flg', 'gcm', 'gdl', 'geg', 'gjt', 'gnd', 'gua', 'hmo', 'hor', 'hou', 'hrl', 'iah', 'ict', 'ifp', 'jac', 'kin', 'las', 'lax', 'lbb', 'lft', 'lgb', 'lir', 'lrd', 'mbj', 'mde', 'mex', 'mga', 'mmh', 'mso', 'mtj', 'mzl', 'okc', 'ont', 'pap', 'pdx', 'phx', 'pos', 'psc', 'pse', 'psp', 'ptp', 'pty', 'pvr', 'pzo', 'qro', 'rno', 'row', 'saf', 'sal', 'san', 'sat', 'sdq', 'sea', 'sgu', 'shv', 'sjd', 'sjo', 'sju', 'skb', 'slc', 'slu', 'sna', 'sti', 'stx', 'sun', 'svd', 'sxm', 'tab', 'tgu', 'tus', 'uvf', 'vln', 'yeg', 'ylw', 'yqr', 'yvr', 'ywg', 'yxh', 'yyc', 'yyj', 'yzf', 'zih']","['abz', 'aes', 'agp', 'ams', 'anc', 'anr', 'bel', 'bfs', 'bgo', 'bhx', 'bio', 'blk', 'bod', 'bog', 'brr', 'brs', 'bru', 'brw', 'cbg', 'chr', 'clo', 'cmn', 'crl', 'cwl', 'dnr', 'dub', 'edi', 'ein', 'ema', 'ext', 'fao', 'fez', 'fnc', 'gci', 'geo', 'gla', 'gps', 'grx', 'gye', 'hov', 'inv', 'iom', 'jer', 'kef', 'krs', 'lcg', 'lcy', 'lgg', 'lgw', 'lhr', 'lim', 'lis', 'lpl', 'ltn', 'mad', 'man', 'mao', 'mme', 'mry', 'ncl', 'nqy', 'nwi', 'oak', 'opo', 'ory', 'osl', 'ovd', 'pbm', 'pdl', 'pix', 'puf', 'rai', 'rak', 'rba', 'rns', 'rtm', 'sba', 'scq', 'sen', 'sfo', 'sid', 'sjc', 'slz', 'smf', 'snn', 'sou', 'stn', 'sts', 'svg', 'svq', 'tfn', 'tls', 'tos', 'tre', 'tru', 'uio', 'vgo', 'xry', 'yxy', 'zaz']","['abj', 'agb', 'alc', 'ans', 'aqp', 'arn', 'ath', 'bcn', 'beg', 'ber', 'bjl', 'blq', 'bre', 'bsb', 'bsl', 'bts', 'bud', 'bwe', 'ccf', 'cgn', 'cia', 'cnf', 'cph', 'cta', 'cuz', 'cvf', 'dbv', 'dme', 'dtm', 'dus', 'fco', 'fkb', 'flr', 'fna', 'fra', 'gdn', 'goa', 'got', 'gru', 'gva', 'haj', 'ham', 'hel', 'hhn', 'hnl', 'ibz', 'iev', 'inn', 'iqq', 'jhm', 'jpa', 'jul', 'kbp', 'kiv', 'koa', 'krk', 'ktt', 'kuo', 'led', 'lej', 'lju', 'lux', 'lwo', 'lys', 'mah', 'mjv', 'mla', 'mlh', 'mmx', 'msq', 'muc', 'mxp', 'nap', 'nce', 'nkc', 'nyo', 'ogg', 'ohd', 'orb', 'otp', 'oul', 'pdv', 'pmi', 'prg', 'psa', 'rix', 'rms', 'sdu', 'sir', 'sjj', 'skg', 'skp', 'spu', 'ssa', 'str', 'svo', 'sxf', 'szg', 'tgd', 'tia', 'tll', 'trn', 'tun', 'txl', 'vce', 'vcp', 'vie', 'vko', 'vno', 'waw', 'wro', 'zag', 'zrh']","['acc', 'aer', 'amm', 'ayt', 'bgw', 'cai', 'ccp', 'cor', 'dla', 'evn', 'eze', 'hrg', 'ipc', 'ist', 'krr', 'lbv', 'lca', 'lih', 'los', 'mdz', 'mvd', 'nic', 'pfo', 'poa', 'ros', 'scl', 'ssh', 'tbs', 'tjm', 'tlv', 'tse', 'ynb']","['add', 'ala', 'asm', 'auh', 'bjm', 'bob', 'cju', 'cts', 'del', 'doh', 'dxb', 'dyu', 'ebb', 'fru', 'fuk', 'hkd', 'hnd', 'icn', 'isb', 'ixc', 'jed', 'kgl', 'kix', 'kwi', 'lhe', 'mct', 'nbo', 'ngs', 'pek', 'ppg', 'puq', 'pus', 'pvg', 'ruh', 'sha', 'syz', 'tao', 'tas', 'ush']","['amd', 'bkk', 'blr', 'bom', 'can', 'ccu', 'ckg', 'cnx', 'cok', 'cpt', 'ctu', 'dac', 'dar', 'dza', 'gbe', 'goi', 'gum', 'han', 'hgh', 'hkg', 'hyd', 'idr', 'ixm', 'jnb', 'kmg', 'ktm', 'llw', 'lun', 'lvi', 'maa', 'mdl', 'mnl', 'msu', nan, 'pbh', 'pnq', 'rgn', 'suv', 'tkk', 'tpe', 'tsa', 'uth', 'vli', 'vns', 'xmn']","['akl', 'bki', 'bne', 'bpn', 'ceb', 'cmb', 'dud', 'dvo', 'gur', 'hkt', 'kul', 'lgk', 'mdc', 'mru', 'ool', 'pen', 'pnh', 'rep', 'sgn', 'sin', 'tnr', 'usm', 'wlg']","['adl', 'cbr', 'cgk', 'dps', 'hlp', 'jog', 'mel', 'mql', 'sub', 'syd']",['per']
mia,"['dab', 'eyw', 'fll', 'gnv', 'mco', 'mlb', 'nas', 'pbi', 'rsw', 'srq', 'tpa']","['ags', 'atl', 'cae', 'chs', 'cun', 'ecp', 'gcm', 'ggt', 'jax', 'kin', 'mbj', 'mgm', 'myr', 'pns', 'sav']","['abe', 'acy', 'aex', 'alb', 'aua', 'aus', 'avl', 'avp', 'baq', 'bda', 'bdl', 'bhm', 'bmi', 'bna', 'bon', 'bro', 'buf', 'bwi', 'bze', 'cak', 'cha', 'cle', 'clt', 'cmh', 'crp', 'crw', 'ctg', 'cvg', 'dal', 'day', 'dca', 'dfw', 'dtw', 'eri', 'ewr', 'fnt', 'fwa', 'gpt', 'grk', 'grr', 'gso', 'gsp', 'gua', 'hou', 'hpn', 'hrl', 'hsv', 'iad', 'iah', 'ind', 'isp', 'jfk', 'lan', 'lex', 'lft', 'lga', 'lir', 'lit', 'lrd', 'lwb', 'mdt', 'mdw', 'mem', 'mga', 'mli', 'msy', 'okc', 'ord', 'orf', 'pap', 'phf', 'phl', 'pit', 'ptk', 'pty', 'pvd', 'rdu', 'ric', 'roa', 'roc', 'sal', 'sat', 'sbn', 'sdf', 'sdq', 'sgf', 'shv', 'sjo', 'sju', 'sti', 'stl', 'stx', 'swf', 'syr', 'tgu', 'tol', 'tri', 'ttn', 'tul', 'tys', 'yhm', 'yip', 'ytz']","['abq', 'aca', 'agu', 'ama', 'apa', 'ase', 'atw', 'bff', 'bfl', 'bga', 'bgi', 'bgr', 'bil', 'bjx', 'bog', 'boi', 'bos', 'btv', 'bur', 'bzn', 'ccs', 'cid', 'clo', 'cul', 'den', 'dom', 'dsm', 'ege', 'elp', 'eoh', 'far', 'fat', 'fca', 'fdf', 'flg', 'fsd', 'gdl', 'geo', 'gnd', 'gps', 'grb', 'gye', 'huu', 'ict', 'ifp', 'jac', 'las', 'lax', 'lbb', 'lgb', 'lnk', 'maf', 'mao', 'mbs', 'mci', 'mde', 'mex', 'mht', 'mke', 'mmh', 'msn', 'msp', 'myf', 'oma', 'ont', 'phx', 'pos', 'psp', 'ptp', 'pvr', 'pwm', 'pzo', 'qro', 'riw', 'rno', 'rst', 'saf', 'san', 'sba', 'sjd', 'skb', 'slc', 'sln', 'slu', 'sna', 'sun', 'sux', 'tab', 'tij', 'tus', 'uio', 'uvf', 'vln', 'yhz', 'ymx', 'yoo', 'yow', 'yqb', 'yqr', 'yqx', 'ysb', 'yul', 'ywg', 'yxe', 'yyt', 'yyz', 'zih']","['aqp', 'bel', 'bli', 'bsb', 'cbb', 'cuz', 'eug', 'for', 'geg', 'gyn', 'hqm', 'jul', 'kef', 'lim', 'lpb', 'oak', 'pdl', 'pdx', 'psc', 'rdd', 'sea', 'sfo', 'sid', 'sjc', 'slz', 'smf', 'sts', 'ter', 'yeg', 'ymm', 'yvr', 'yxy', 'yyc', 'yyj']","['aar', 'ace', 'aes', 'agb', 'agp', 'alc', 'ams', 'anc', 'anr', 'asu', 'bcn', 'bfs', 'bgo', 'bhd', 'bio', 'bko', 'blk', 'boh', 'brr', 'bru', 'bsl', 'bwe', 'ccf', 'cdg', 'cgh', 'cgn', 'cky', 'cnf', 'cor', 'cph', 'crl', 'cvf', 'cwb', 'dkr', 'dnr', 'dub', 'dus', 'edi', 'ein', 'ens', 'eze', 'fao', 'fez', 'fln', 'fna', 'fra', 'gci', 'gig', 'glo', 'got', 'gru', 'grx', 'gva', 'ham', 'hgl', 'hnl', 'hov', 'ibz', 'inv', 'ipc', 'isc', 'jer', 'joi', 'jpa', 'koa', 'krs', 'lba', 'lcg', 'ldy', 'lej', 'lgw', 'lhr', 'lih', 'lis', 'lpl', 'ltn', 'lyr', 'lys', 'mad', 'man', 'mdz', 'mjv', 'mln', 'mmx', 'mst', 'mvd', 'mxp', 'nat', 'nce', 'nkc', 'nte', 'nwi', 'ogg', 'opo', 'ork', 'osl', 'ovd', 'oxf', 'pix', 'pmi', 'pnz', 'poa', 'pxo', 'rak', 'rec', 'rms', 'rns', 'rtm', 'scl', 'scq', 'sdu', 'sfn', 'slm', 'snn', 'ssa', 'stn', 'str', 'svq', 'tfn', 'tfs', 'tls', 'tos', 'tre', 'trn', 'txl', 'vde', 'vix', 'vlc', 'xry', 'zrh']","['abv', 'aoi', 'ath', 'bds', 'beg', 'ber', 'blq', 'bob', 'bts', 'bud', 'coo', 'dbv', 'dme', 'esb', 'fco', 'flr', 'gdn', 'grz', 'huh', 'inn', 'ist', 'kan', 'kbp', 'krk', 'kuo', 'led', 'lju', 'lwo', 'mla', 'msq', 'muc', 'ndj', 'ods', 'ohd', 'otp', 'oul', 'phc', 'prg', 'psa', 'rgi', 'rov', 'sfa', 'skg', 'sof', 'spu', 'svo', 'szg', 'tia', 'tll', 'tun', 'ush', 'vce', 'vie', 'vno', 'vrn', 'waw', 'wro', 'zag']","['amm', 'aqj', 'bey', 'bzv', 'cai', 'dam', 'evn', 'hkd', 'ika', 'krr', 'kuh', 'kwi', 'lca', 'maj', 'nic', 'nrt', 'pfo', 'ssh', 'svx', 'tas', 'thr', 'tjm', 'tlv', 'vav', 'wdh']","['add', 'akl', 'amd', 'atq', 'bah', 'chc', 'ckg', 'cpt', 'ctu', 'dar', 'del', 'doh', 'dxb', 'dyu', 'ebb', 'fuk', 'giz', 'gum', 'hgh', 'hnd', 'icn', 'isb', 'ixc', 'jib', 'jnb', 'khi', 'ksa', 'ktm', 'lhe', 'llw', 'lvi', 'mct', 'msu', nan, 'nbo', 'ngs', 'oka', 'pek', 'pew', 'pus', 'pvg', 'ruh', 'sha', 'syz', 'tao', 'tpe', 'vli', 'wlg']","['bkk', 'blr', 'bne', 'bom', 'can', 'ccu', 'cmb', 'cok', 'dac', 'dmk', 'dza', 'goi', 'gur', 'han', 'hkg', 'hyd', 'ixb', 'ixz', 'kmg', 'lpq', 'maa', 'mdl', 'mel', 'mle', 'mnl', 'mru', 'pbh', 'pnq', 'rep', 'rgn', 'run', 'sgn', 'syd', 'tnr', 'trv', 'uth', 'vte', 'xmn']","['bdo', 'bpn', 'cgk', 'dps', 'hkt', 'jog', 'kul', 'lgk', 'moo', 'pen', 'sin', 'sub', 'usm']",['per']
yul,"['avp', 'bdl', 'bgr', 'bos', 'buf', 'hpn', 'orh', 'pwm', 'slk', 'syr', 'yoo', 'yow', 'yqb', 'ytz']","['ack', 'agc', 'bwi', 'ckb', 'cmh', 'dca', 'dtw', 'ewr', 'fnt', 'hya', 'iad', 'jfk', 'lga', 'mdt', 'mvy', 'orf', 'phl', 'pit', 'ric', 'shd', 'ttn', 'yhm', 'yhz', 'yng', 'yqm', 'ysj', 'yxu', 'yyz']","['atl', 'atw', 'avl', 'bcb', 'bda', 'bmi', 'cae', 'chs', 'clt', 'cmx', 'cvg', 'dab', 'day', 'dlh', 'ecp', 'fod', 'fsp', 'gmu', 'grb', 'gsp', 'hsv', 'ind', 'jax', 'lex', 'lnk', 'luk', 'mci', 'mdw', 'mgm', 'mke', 'mli', 'msp', 'myr', 'ord', 'rdu', 'roa', 'sav', 'sbn', 'sgf', 'stl', 'sux', 'tri', 'yqt', 'yqy', 'ywg']","['abq', 'aca', 'agu', 'anu', 'ase', 'aus', 'bff', 'bfl', 'bgi', 'bjc', 'bli', 'bon', 'btm', 'bze', 'ccs', 'cll', 'ctg', 'cun', 'den', 'dfw', 'eat', 'elp', 'eux', 'fat', 'fdf', 'fll', 'gcm', 'gdl', 'geg', 'gjt', 'gpt', 'gua', 'hmo', 'hor', 'hou', 'hrl', 'iah', 'ict', 'ifp', 'kef', 'kin', 'las', 'lax', 'lbf', 'lgb', 'lrd', 'mbj', 'mco', 'mex', 'mia', 'mlu', 'mso', 'mtj', 'nas', 'okc', 'pae', 'pap', 'pbi', 'pdx', 'phx', 'pns', 'pse', 'ptp', 'pvr', 'qro', 'riw', 'rnt', 'rsw', 'saf', 'san', 'sat', 'sea', 'sgu', 'sju', 'skb', 'slc', 'slu', 'smf', 'sna', 'srq', 'sti', 'stx', 'svd', 'sxm', 'tgu', 'tpa', 'tus', 'vgt', 'vps', 'yaz', 'ylw', 'yqr', 'yvr', 'yxe', 'yxx', 'yyc', 'yyj', 'zcl']","['aar', 'ace', 'aga', 'agp', 'ams', 'anc', 'anr', 'bcn', 'bel', 'bga', 'bhd', 'bio', 'bma', 'bog', 'bre', 'brs', 'brw', 'bva', 'cbg', 'cdg', 'chr', 'cmn', 'cph', 'cvf', 'dnd', 'dtm', 'dub', 'eas', 'egc', 'ema', 'eoh', 'fae', 'fez', 'fmo', 'fra', 'gci', 'gib', 'glo', 'gps', 'grw', 'gva', 'haj', 'hft', 'hhn', 'inv', 'isc', 'kno', 'krs', 'lba', 'lcy', 'lei', 'lgw', 'lir', 'lis', 'lpl', 'ltn', 'lyr', 'lys', 'mad', 'mao', 'mgl', 'mlh', 'mme', 'mry', 'mzl', 'nqy', 'nwi', 'oak', 'opo', 'ork', 'osl', 'oul', 'oxf', 'pdl', 'pix', 'pos', 'pty', 'pxo', 'rai', 'rba', 'rms', 'rtm', 'scq', 'sen', 'sfo', 'sid', 'sjc', 'sjo', 'sma', 'sou', 'str', 'svg', 'sxb', 'tbp', 'tfs', 'tls', 'tos', 'tre', 'tru', 'vde', 'vlc', 'xry', 'zaz', 'zih', 'zlo', 'zrh']","['agb', 'alg', 'aoi', 'ath', 'beg', 'ber', 'bjl', 'blq', 'bsb', 'bud', 'cgr', 'cky', 'cpv', 'cta', 'dbv', 'dkr', 'dnk', 'fco', 'flr', 'for', 'gdn', 'goj', 'gyn', 'hnl', 'huu', 'iev', 'ipn', 'ist', 'jhm', 'jsi', 'kbp', 'koa', 'krr', 'kuo', 'lej', 'lim', 'lju', 'lwo', 'mcz', 'mrs', 'muc', 'nap', 'nce', 'nkc', 'ods', 'ohd', 'otp', 'oua', 'pdv', 'pmi', 'prn', 'rec', 'rov', 'sfa', 'skg', 'slz', 'spu', 'ssa', 'svx', 'szg', 'tgd', 'tip', 'trn', 'tun', 'vce', 'vko', 'vog', 'waw', 'zag']","['abv', 'aep', 'ala', 'aqj', 'ayt', 'bgw', 'cai', 'cgh', 'cor', 'cwb', 'dla', 'esb', 'eze', 'fru', 'gru', 'hrg', 'ika', 'jed', 'kan', 'kuh', 'lbv', 'lca', 'los', 'mdz', 'mvd', 'nic', 'pfo', 'pnz', 'rgi', 'scl', 'sfn', 'tas', 'thr', 'tlv', 'vcp', 'ynb']","['ahb', 'apw', 'atq', 'auh', 'bjm', 'bzv', 'ckg', 'ctu', 'dmm', 'doh', 'dxb', 'fih', 'giz', 'hgh', 'huh', 'idr', 'isb', 'ixb', 'jai', 'kgl', 'kix', 'lad', 'lhe', 'maj', 'nbo', 'ngs', 'oka', 'pek', 'ppg', 'puq', 'pvg', 'sah', 'sha', 'syz', 'tao', 'ush', 'wdh']","['bkk', 'blr', 'bom', 'ccu', 'ceb', 'cmb', 'cok', 'cxr', 'dac', 'dar', 'dvo', 'gbe', 'gum', 'hir', 'hre', 'ixm', 'jnb', 'kmg', 'llw', 'lun', 'maa', 'mle', 'mpm', 'mts', 'pnh', 'pnq', 'rgn', 'sgn', 'syx', 'tnr', 'trv', 'uih', 'uth', 'vli', 'xmn']","['akl', 'bki', 'bpn', 'cgk', 'dps', 'dud', 'gur', 'hlp', 'kul', 'lgk', 'mdc', 'nsn', 'pdg', 'pom', 'sin', 'soq', 'upg', 'zqn']","['cbr', 'mel', 'mql', 'syd']",[]
los,"['acc', 'lfw']","['abv', 'dla', 'lbv', 'oua']","['bzv', 'fih', 'ndj']","['add', 'agp', 'alg', 'bcn', 'bjm', 'cai', 'cmn', 'dkr', 'fao', 'fnc', 'fue', 'gro', 'grx', 'ibz', 'krt', 'lei', 'lis', 'lun', 'lxr', 'mah', 'mla', 'nap', 'nbo', 'oxb', 'pxo', 'rak', 'sfa', 'slm', 'tfn', 'tip', 'tun', 'vlc', 'wdh', 'zaz']","['aar', 'aer', 'agb', 'aju', 'ams', 'anr', 'aqj', 'auh', 'bah', 'beb', 'bel', 'bey', 'bgo', 'bgy', 'bhx', 'blk', 'bma', 'boh', 'brq', 'brs', 'bsl', 'bud', 'bwe', 'ccf', 'cgn', 'cia', 'cng', 'cph', 'cpt', 'crl', 'cwl', 'dar', 'dmm', 'dnk', 'doh', 'dub', 'dxb', 'eas', 'egc', 'ema', 'esb', 'ext', 'fdh', 'flr', 'for', 'fra', 'gci', 'giz', 'gla', 'goa', 'grz', 'haj', 'hgl', 'hor', 'iev', 'inn', 'iom', 'isc', 'jed', 'jib', 'jpa', 'kbp', 'kno', 'krr', 'ktw', 'lba', 'lcg', 'ldy', 'lgg', 'lhr', 'lju', 'lpl', 'ltn', 'lwo', 'man', 'med', 'mlh', 'mmx', 'mrs', 'mst', 'mts', 'muc', 'nat', 'ncl', 'nqy', 'nue', 'nyo', 'ohd', 'orb', 'ory', 'ost', 'ovd', 'pdl', 'pfo', 'pix', 'pna', 'prn', 'puf', 'rix', 'rms', 'rov', 'ruh', 'sah', 'sdr', 'sir', 'sjz', 'skp', 'sma', 'sof', 'spu', 'ssh', 'str', 'sxb', 'syz', 'tbs', 'tgd', 'tia', 'tls', 'tnr', 'trf', 'trs', 'vce', 'vie', 'vno', 'waw', 'ynb', 'zrh']","['aes', 'anu', 'asu', 'bda', 'bom', 'bsb', 'cgh', 'cwb', 'dom', 'eux', 'fae', 'fln', 'geo', 'gnd', 'goj', 'gyn', 'hft', 'idr', 'isb', 'joi', 'khi', 'ktt', 'led', 'mao', 'mct', 'mru', 'oul', 'pew', 'pnz', 'pos', 'ptp', 'run', 'sdq', 'sfj', 'skb', 'stt', 'svd', 'svx', 'sxm', 'tab', 'tjm', 'tos', 'tse', 'vcp', 'vln', 'yhz', 'yqx', 'ysj']","['abe', 'acy', 'ags', 'alb', 'aqp', 'atl', 'aua', 'avp', 'baq', 'bdl', 'bga', 'bgr', 'blr', 'bna', 'bos', 'buf', 'bwi', 'cae', 'cak', 'ccp', 'cha', 'cid', 'cle', 'clt', 'cmh', 'cmx', 'cor', 'ctg', 'cuz', 'cvg', 'dab', 'dac', 'dbq', 'dca', 'det', 'dtw', 'ecp', 'eri', 'ewr', 'fkl', 'fll', 'fru', 'fwa', 'ggt', 'gnv', 'grb', 'grr', 'gsp', 'gye', 'hog', 'hsv', 'huu', 'hyd', 'iad', 'ind', 'isp', 'ixc', 'ixz', 'jfk', 'kin', 'laf', 'lex', 'lim', 'lko', 'lse', 'lwb', 'maa', 'mbs', 'mco', 'mdt', 'mdz', 'mfd', 'mgm', 'mia', 'mkg', 'mli', 'msp', 'msy', 'myr', 'nas', 'ord', 'orf', 'ovb', 'pbh', 'phf', 'phl', 'pit', 'ptk', 'puq', 'pwm', 'rfd', 'ric', 'roc', 'rst', 'sav', 'sce', 'sdf', 'shd', 'slk', 'srq', 'stl', 'swf', 'tbp', 'tgu', 'tpa', 'tru', 'ttn', 'uio', 'vns', 'yhm', 'ymx', 'yoo', 'yqb', 'ysb', 'yul', 'yyz']","['abq', 'aex', 'ama', 'ase', 'aus', 'bff', 'bjc', 'bkk', 'bmv', 'bro', 'btm', 'can', 'ckg', 'cnx', 'ctu', 'cxr', 'dal', 'den', 'dfw', 'dsm', 'ege', 'far', 'flg', 'fsd', 'geg', 'gps', 'gua', 'hkg', 'hlp', 'hou', 'iah', 'ida', 'kmg', 'lbb', 'lft', 'lit', 'lpq', 'maf', 'mcw', 'mdl', 'mex', 'mso', 'okc', 'pdg', 'pen', 'phx', 'psc', 'pvu', 'rep', 'riw', 'saf', 'sat', 'sgf', 'sgu', 'shv', 'sin', 'slc', 'sun', 'syx', 'tul', 'tus', 'usm', 'vte', 'yeg', 'ymm', 'yqr', 'ywg', 'yxe', 'yxx', 'yyc', 'yzf', 'zih']","['bfi', 'bki', 'bur', 'ceb', 'cld', 'dps', 'eug', 'fuk', 'hkd', 'hnd', 'icn', 'ipc', 'jog', 'kix', 'las', 'lax', 'lgb', 'lmt', 'mmh', 'mnl', 'myf', 'ngs', 'nrt', 'oka', 'ont', 'pdx', 'per', 'pus', 'rdd', 'rnt', 'sba', 'sea', 'sfo', 'sjc', 'smf', 'soc', 'sts', 'tak', 'tpe', 'upg', 'xmn', 'yum']","['cbr', 'drw', 'gov', 'mel', 'mql', 'soq', 'zqn']","['bne', 'gur', 'hnl', 'huh', 'jhm', 'ksa', 'nsn', 'ool', 'pom', 'rgi', 'wlg']","['maj', 'ppg', 'vav']"
rio,"['cgh', 'cnf', 'gru', 'plu', 'vcp', 'vix']","['bsb', 'cwb', 'fln', 'joi']","['aju', 'asu', 'cpv', 'igu', 'mcz', 'mvd', 'poa', 'rec', 'ssa']","['aqp', 'cbb', 'cor', 'eze', 'for', 'geo', 'iqq', 'lim', 'lpb', 'mao', 'nat', 'ros', 'scl', 'tcq']","['acc', 'aua', 'baq', 'bgi', 'bko', 'bog', 'ccs', 'clo', 'ctg', 'dom', 'eux', 'fna', 'gps', 'kin', 'lir', 'mde', 'nkc', 'oxb', 'pos', 'ptp', 'puq', 'rai', 'sdq', 'sjo', 'skb', 'sti', 'stx', 'sxm', 'tbp', 'uio', 'uvf']","['abv', 'ace', 'acy', 'agp', 'alb', 'atl', 'avp', 'bda', 'bed', 'bhm', 'bos', 'bwi', 'bzv', 'cha', 'ckb', 'clt', 'cmn', 'cpt', 'cun', 'dca', 'dxr', 'ewr', 'fao', 'fih', 'fll', 'fsp', 'gbe', 'ggt', 'gmu', 'gpt', 'grx', 'gsp', 'gua', 'hog', 'hpn', 'hsv', 'iad', 'isp', 'jfk', 'jnb', 'lad', 'lei', 'lga', 'lis', 'los', 'lun', 'lwb', 'mco', 'mex', 'mgm', 'mia', 'mln', 'msu', 'mts', 'myr', 'ndj', 'opo', 'orh', 'pdl', 'phf', 'pie', 'pns', 'pwm', 'qro', 'rba', 'ric', 'rsw', 'sav', 'shd', 'sma', 'srg', 'svq', 'ter', 'tfs', 'tng', 'tri', 'tys', 'vps', 'xry', 'yqm', 'ysj', 'zih']","['abq', 'add', 'agb', 'agu', 'alg', 'ams', 'anr', 'apa', 'asm', 'atw', 'azo', 'bcn', 'beb', 'ber', 'bfs', 'bhd', 'bio', 'bjm', 'blk', 'bmi', 'bod', 'bre', 'brr', 'bru', 'bts', 'bud', 'bva', 'cai', 'cbg', 'cdg', 'chr', 'cid', 'cll', 'cmi', 'cng', 'crp', 'cul', 'cvg', 'dal', 'day', 'dbv', 'det', 'dfw', 'dnd', 'dsm', 'dtw', 'dub', 'dza', 'ebb', 'egc', 'ein', 'ema', 'eri', 'fae', 'fco', 'fkb', 'flg', 'fmo', 'fod', 'fsc', 'fwa', 'gdl', 'gla', 'goa', 'grk', 'grr', 'gva', 'ham', 'hhn', 'hot', 'hrg', 'huf', 'ibz', 'ifp', 'inn', 'iom', 'jer', 'kef', 'kno', 'laf', 'las', 'lbb', 'lcg', 'ldy', 'lex', 'lgw', 'lhr', 'lit', 'llw', 'lpl', 'lrh', 'ltn', 'lux', 'lys', 'maf', 'man', 'mci', 'mdw', 'mfd', 'mjv', 'mkg', 'mlh', 'mlu', 'mrs', 'msp', 'mtj', 'muc', 'myf', 'nbo', 'ncl', 'nte', 'nwi', 'okc', 'ord', 'ory', 'ovd', 'phx', 'pit', 'pmi', 'prg', 'psa', 'ptk', 'pvr', 'rfd', 'rms', 'roc', 'rst', 'run', 'san', 'sbn', 'sdf', 'sen', 'sgf', 'shv', 'sjd', 'skg', 'slk', 'sln', 'sof', 'spu', 'stn', 'str', 'sxb', 'syr', 'tgd', 'tij', 'tls', 'tol', 'trn', 'tul', 'tus', 'vce', 'vie', 'vll', 'xna', 'yip', 'yng', 'yoo', 'yqb', 'yqx', 'ytz', 'yum', 'yxu', 'zag', 'zcl', 'zrh']","['aar', 'aes', 'amm', 'arn', 'ayt', 'bey', 'bfl', 'bgw', 'bli', 'bob', 'btm', 'bzn', 'cld', 'dam', 'dmm', 'doh', 'dxb', 'esb', 'evn', 'fca', 'geg', 'goj', 'hel', 'hov', 'huh', 'iev', 'ist', 'jed', 'kbp', 'krk', 'krr', 'ktt', 'kuo', 'lax', 'led', 'lmt', 'lyr', 'mmh', 'mru', 'mso', 'nic', 'nyo', 'ods', 'orb', 'otp', 'pae', 'pdx', 'ppt', 'rdd', 'rix', 'rno', 'rov', 'rze', 'sba', 'sea', 'sfo', 'slc', 'sna', 'sts', 'svg', 'syz', 'thr', 'tll', 'tos', 'trf', 'vko', 'vog', 'waw', 'wro', 'yeg', 'ymm', 'yqr', 'yxe', 'yxx', 'yyd', 'yzf']","['akl', 'anc', 'atq', 'bom', 'cbr', 'cok', 'goi', 'hnm', 'idr', 'ito', 'jai', 'khi', 'lhe', 'mct', 'mle', nan, 'ome', 'pew', 'ppg', 'suv', 'sxr', 'syd', 'tjm', 'tse', 'yxy']","['bdo', 'ccu', 'dac', 'dps', 'hir', 'hlp', 'ixc', 'jog', 'kul', 'lko', 'maj', 'moo', 'ovb', 'pdg', 'rgn', 'soc', 'usm', 'vns']","['bkk', 'bpn', 'can', 'cnx', 'ctu', 'dad', 'drw', 'gov', 'han', 'hkg', 'ksa', 'lbu', 'lpq', 'pek', 'pni', 'rep', 'soq', 'tao', 'uih', 'uth']","['cju', 'gum', 'hnd', 'icn', 'khh', 'mnl', 'ngs', 'oka', 'pvg', 'sha', 'tpe', 'xmn']"
hkg,"['can', 'xmn']","['dad', 'han', 'khh', 'syx', 'tpe']","['bki', 'bkk', 'bwn', 'ceb', 'ckg', 'cnx', 'ctu', 'cxr', 'hgh', 'kmg', 'lmn', 'lpq', 'mdl', 'mnl', 'oka', 'pek', 'pnh', 'pvg', 'rep', 'rgn', 'sgn', 'sha', 'tao', 'uth', 'vte']","['atq', 'blr', 'ccu', 'cgk', 'cts', 'dac', 'del', 'dps', 'fuk', 'gum', 'hkd', 'hkt', 'hlp', 'hnd', 'hyd', 'icn', 'itm', 'ixc', 'jai', 'kix', 'ktm', 'kul', 'lgk', 'maa', 'ngo', 'nrt', 'pdg', 'pen', 'pus', 'ror', 'sin', 'soc', 'sub', 'upg', 'usm']","['ala', 'bom', 'cmb', 'cok', 'dxb', 'fru', 'gov', 'isb', 'khi', 'lhe', 'mle', 'pew', 'pnq', 'pom', 'svx', 'tas', 'tkk', 'trv', 'tse']","['adl', 'ahb', 'aqj', 'auh', 'bah', 'bgw', 'bne', 'cbr', 'dme', 'dnk', 'doh', 'evn', 'goj', 'hel', 'hir', 'iev', 'jed', 'kbp', 'kiv', 'krr', 'kuo', 'kwi', 'led', 'maj', 'mel', 'mql', 'mru', 'nic', 'ome', 'ool', 'per', 'rix', 'ruh', 'sah', 'svo', 'syd', 'tbs', 'tif', 'tlv', 'vko', 'vno', 'ynb']","['aar', 'add', 'agb', 'akl', 'ams', 'ang', 'aoi', 'arn', 'ath', 'beb', 'ber', 'bgo', 'bhd', 'bjm', 'blk', 'bma', 'bre', 'brr', 'bru', 'bts', 'bud', 'bwe', 'cbg', 'cdg', 'chc', 'cia', 'cph', 'cta', 'cwl', 'dbv', 'dnr', 'dub', 'dus', 'ebb', 'egc', 'ema', 'ext', 'fco', 'fkb', 'fmo', 'fra', 'gci', 'gla', 'goa', 'gro', 'gva', 'ham', 'hhn', 'hnl', 'hov', 'inn', 'iom', 'ist', 'ito', 'jhm', 'kef', 'kno', 'koa', 'krs', 'ktw', 'lcy', 'lej', 'lgw', 'lhr', 'lin', 'llw', 'ltn', 'lwo', 'lys', 'man', 'mla', 'mme', 'mrs', 'muc', nan, 'nbo', 'ncl', 'nsn', 'nue', 'nyo', 'ogg', 'orb', 'osl', 'otp', 'pdv', 'ppg', 'prg', 'psa', 'rms', 'rtm', 'sen', 'sfj', 'sir', 'skg', 'sof', 'spu', 'str', 'svg', 'sxf', 'tgd', 'tip', 'tnr', 'tre', 'trn', 'tun', 'txl', 'vce', 'vie', 'waw', 'wlg', 'yxy', 'yzf', 'zag', 'zrh']","['aga', 'alc', 'alg', 'bcn', 'bfi', 'bil', 'bli', 'bod', 'btm', 'bzn', 'cld', 'coo', 'cpt', 'dlh', 'eat', 'eug', 'fao', 'fat', 'fez', 'gbe', 'gib', 'grw', 'hqm', 'huh', 'ida', 'isc', 'jnb', 'lad', 'lax', 'lcg', 'lgb', 'lis', 'los', 'lun', 'mad', 'mln', 'mpm', 'mso', 'mtj', 'myf', 'nim', 'oak', 'opo', 'ovd', 'pdx', 'pix', 'pna', 'ppt', 'psp', 'pvu', 'rak', 'rdd', 'riw', 'rnt', 'san', 'scq', 'sea', 'sfo', 'sjc', 'slm', 'smf', 'sna', 'sts', 'svq', 'tng', 'vgt', 'vll', 'xry', 'yeg', 'ymm', 'yqt', 'yvr', 'ywg', 'yxh', 'yyc', 'zaz']","['abi', 'abq', 'acc', 'ack', 'aex', 'ags', 'alb', 'apa', 'atl', 'aus', 'avp', 'bcb', 'bda', 'bed', 'bhm', 'bjl', 'bko', 'bna', 'bos', 'btv', 'buf', 'bwi', 'cak', 'chs', 'ckb', 'cle', 'clt', 'cmi', 'crp', 'cul', 'dal', 'dbq', 'dca', 'den', 'dfw', 'dsm', 'dtw', 'ecp', 'eri', 'ewr', 'flg', 'fnc', 'fod', 'fsp', 'fwa', 'gmu', 'grb', 'grr', 'gso', 'gtr', 'hor', 'hou', 'hrl', 'huf', 'iad', 'iah', 'ict', 'isp', 'jfk', 'lan', 'lbf', 'lft', 'lga', 'lnk', 'lrd', 'luk', 'maf', 'mci', 'mdt', 'mem', 'mgm', 'mke', 'mli', 'msn', 'msy', 'myr', 'okc', 'ord', 'orh', 'oxb', 'phf', 'phl', 'phx', 'pns', 'pvd', 'pwm', 'rai', 'rdu', 'ric', 'roc', 'rst', 'sat', 'sav', 'sce', 'sgf', 'shv', 'sjd', 'slk', 'sma', 'stp', 'swf', 'ter', 'tfs', 'tri', 'tul', 'tys', 'vps', 'xna', 'yhz', 'ymx', 'yoo', 'yow', 'yqm', 'yqy', 'ysj', 'yul', 'yxu', 'yyz', 'zlo']","['anu', 'cun', 'dom', 'eyw', 'fll', 'ggt', 'gua', 'hog', 'kin', 'mbj', 'mco', 'mex', 'mia', 'nas', 'pap', 'pie', 'ptp', 'rsw', 'sal', 'sjo', 'sju', 'slu', 'srg', 'sti', 'stx', 'tgu', 'tpa']","['aua', 'bel', 'bgi', 'bon', 'clo', 'cpv', 'eoh', 'geo', 'gnd', 'gye', 'jpa', 'mcz', 'mde', 'nat', 'plu', 'pos', 'puq', 'rec', 'slz', 'svd', 'tbp', 'uio', 'uvf', 'vln']","['ans', 'asu', 'cbb', 'cgh', 'cor', 'cwb', 'eze', 'gru', 'huu', 'iqq', 'jul', 'lpb', 'mvd', 'poa', 'scl', 'tcq']"
sin,"['kul', 'pdg']","['bdo', 'cgk', 'hkt', 'hlp', 'lgk', 'pen']","['bki', 'bkk', 'bpn', 'bwn', 'dad', 'dmk', 'dps', 'jog', 'lmn', 'pnh', 'rep', 'rgn', 'sgn', 'sub', 'upg', 'usm', 'vte']","['blr', 'bom', 'can', 'ccu', 'ceb', 'ckg', 'cmb', 'cnx', 'cok', 'ctu', 'dac', 'drw', 'dvo', 'goi', 'han', 'hgh', 'hkg', 'idr', 'ixm', 'khh', 'ktm', 'lko', 'lpq', 'maa', 'mdc', 'mdl', 'mle', 'mnl', 'oka', 'per', 'pvg', 'ror', 'sha', 'syx', 'tpe', 'trv', 'vns', 'xmn']","['adl', 'amd', 'atq', 'auh', 'cts', 'del', 'dxb', 'fru', 'fuk', 'gur', 'hnd', 'icn', 'isb', 'ixc', 'khi', 'kix', 'mct', 'mql', 'mru', 'ngo', 'nrt', 'pek', 'pom', 'pus', 'sxr', 'tao', 'tkk']","['aer', 'amm', 'asm', 'bah', 'bgw', 'bne', 'cbr', 'dar', 'doh', 'ebb', 'giz', 'hrg', 'jed', 'krr', 'ksa', 'kwi', 'maj', 'mel', 'ool', 'pni', 'ruh', 'ssh', 'syd', 'tbs', 'tif', 'tlv', 'tse', 'vog']","['akl', 'apw', 'ath', 'bds', 'ber', 'bma', 'bts', 'bud', 'cai', 'chc', 'cpt', 'dbv', 'dnk', 'esb', 'gbe', 'goj', 'grz', 'hft', 'iev', 'ist', 'jnb', 'kbp', 'kiv', 'krn', 'ktw', 'lca', 'lej', 'lju', 'lvi', 'lxr', 'mla', 'mpm', 'msu', nan, 'ndj', 'nsn', 'ods', 'ome', 'otp', 'pdv', 'ppg', 'prn', 'rlg', 'sjj', 'skp', 'spu', 'svo', 'szg', 'tia', 'tll', 'trs', 'vav', 'vko', 'waw', 'wlg', 'zag']","['aar', 'abz', 'aes', 'agb', 'alc', 'ams', 'ang', 'bcn', 'bfs', 'bgy', 'bhx', 'blk', 'bob', 'boh', 'brr', 'bru', 'bsl', 'bwe', 'ccf', 'cdg', 'chr', 'cmn', 'coo', 'cvf', 'dla', 'dnr', 'dub', 'dus', 'edi', 'ein', 'ens', 'fae', 'fco', 'fez', 'flr', 'fra', 'gci', 'gla', 'goa', 'grw', 'gva', 'ham', 'hhn', 'hnl', 'hov', 'ibz', 'inv', 'isc', 'jer', 'kan', 'kno', 'krs', 'lba', 'lcg', 'ldy', 'lfw', 'lgw', 'lhr', 'lin', 'lis', 'lpl', 'ltn', 'lys', 'mad', 'man', 'mjv', 'mln', 'mrs', 'muc', 'nce', 'ncl', 'nqy', 'nue', 'ogg', 'ork', 'osl', 'oua', 'oxf', 'pik', 'pmi', 'ppt', 'puf', 'rms', 'rtm', 'sdr', 'sfa', 'sir', 'snn', 'stn', 'svg', 'sxb', 'tng', 'tre', 'trn', 'vce', 'vlc', 'vrn', 'yxy', 'zrh']","['ace', 'bfi', 'bjl', 'bli', 'btm', 'cky', 'eat', 'fat', 'fna', 'fue', 'hor', 'ida', 'lmt', 'mmh', 'mso', 'oak', 'pae', 'pdx', 'pxo', 'rdd', 'rno', 'sea', 'sfo', 'sjc', 'sma', 'sts', 'ter', 'tfs', 'yaz', 'ylw', 'yqr', 'yxe', 'yxx', 'yyd', 'yzf']","['abi', 'ack', 'aep', 'aju', 'alb', 'apa', 'atw', 'aus', 'avp', 'bcb', 'bed', 'bfl', 'bjc', 'bna', 'bos', 'buf', 'bwi', 'cha', 'cid', 'cld', 'cle', 'clt', 'cmh', 'cmx', 'crw', 'cvg', 'day', 'dca', 'det', 'dfw', 'dsm', 'dxr', 'elp', 'ewr', 'eze', 'fkl', 'fln', 'fod', 'fsd', 'fwa', 'gig', 'gmu', 'grk', 'gso', 'gtr', 'hot', 'hsv', 'hya', 'iad', 'ifp', 'ipc', 'isp', 'jfk', 'laf', 'las', 'lax', 'lbf', 'lga', 'lit', 'lrd', 'luk', 'maf', 'mci', 'mcz', 'mdw', 'mfd', 'mke', 'mli', 'msn', 'mtj', 'mvy', 'nat', 'okc', 'ont', 'ord', 'orh', 'phl', 'phx', 'pit', 'poa', 'ptk', 'pvd', 'pwm', 'rdu', 'rfd', 'ric', 'roa', 'row', 'saf', 'san', 'sat', 'sbn', 'sdf', 'sgf', 'shd', 'sjd', 'slc', 'sln', 'sna', 'stl', 'sux', 'syr', 'tol', 'ttn', 'tus', 'ush', 'vix', 'yhm', 'yip', 'ymx', 'yoo', 'yqb', 'yqt', 'yqy', 'ysj', 'yul', 'ywg', 'yyt', 'yyz']","['aex', 'agu', 'asu', 'atl', 'bel', 'bhm', 'bro', 'bze', 'cbb', 'cgh', 'chs', 'cor', 'cun', 'dab', 'ecp', 'eyw', 'fll', 'gdl', 'ggt', 'gnv', 'gru', 'gyn', 'hog', 'hrl', 'iah', 'iqq', 'joi', 'lft', 'mco', 'mex', 'mia', 'msy', 'nas', 'pbi', 'pie', 'pnz', 'pse', 'pvr', 'ros', 'sab', 'sav', 'sdq', 'sju', 'slu', 'spg', 'srg', 'sti', 'stx', 'sxm', 'tgu', 'tpa', 'vcp', 'zcl', 'zlo']","['aqp', 'aua', 'bga', 'bog', 'ccs', 'ctg', 'eoh', 'gye', 'jul', 'lim', 'lpb', 'mde', 'mzl', 'pzo', 'sjo', 'tcq', 'uio']"
dac,"['ccu', 'ixb', 'pbh']","['ktm', 'rgn']","['atq', 'bkk', 'blr', 'bom', 'ckg', 'ctu', 'del', 'goi', 'hkt', 'hyd', 'ixc', 'jai', 'kmg', 'lko', 'maa', 'pnq', 'sxr', 'uth']","['auh', 'bki', 'bpn', 'can', 'cgk', 'cmb', 'cxr', 'doh', 'dxb', 'dyu', 'fru', 'hgh', 'hlp', 'icn', 'isb', 'khh', 'kul', 'lgk', 'mct', 'mle', 'mnl', 'oka', 'pdg', 'pek', 'pen', 'pnh', 'pus', 'pvg', 'sha', 'sin', 'syz', 'tao', 'thr', 'trv', 'tse', 'xmn']","['add', 'ahb', 'aqj', 'ayt', 'bah', 'bey', 'cai', 'dam', 'dme', 'dnk', 'dps', 'drw', 'esb', 'fuk', 'goj', 'hkd', 'hnd', 'iev', 'itm', 'jed', 'jog', 'kbp', 'kix', 'kuh', 'kwi', 'lxr', 'med', 'ngo', 'nrt', 'pfo', 'rov', 'sah', 'soq', 'sub', 'svx', 'tbs', 'tjm', 'upg', 'vog', 'ynb']","['aar', 'aes', 'ams', 'aoi', 'ath', 'beg', 'bgo', 'bjm', 'bma', 'brq', 'bsl', 'bud', 'bwe', 'cdg', 'cia', 'cph', 'cta', 'dar', 'dtm', 'dza', 'ebb', 'ens', 'fco', 'fkb', 'fmo', 'fra', 'gdn', 'got', 'grz', 'gva', 'ham', 'hel', 'hgl', 'hov', 'inn', 'kgl', 'krk', 'krs', 'ktt', 'kuo', 'led', 'lgg', 'lju', 'lux', 'lyr', 'mgl', 'mlh', 'mmx', 'mrs', 'msq', 'muc', 'nap', 'nce', 'ndj', 'nwi', 'ohd', 'ory', 'ost', 'oul', 'per', 'pom', 'prn', 'rix', 'rms', 'run', 'sen', 'sir', 'skg', 'sof', 'stn', 'svg', 'sxf', 'tgd', 'tip', 'tll', 'tos', 'trf', 'trs', 'txl', 'vie', 'vrn', 'waw', 'zag']","['acc', 'adl', 'agp', 'alg', 'ang', 'beb', 'bhd', 'bio', 'bne', 'boh', 'brs', 'bzv', 'cbr', 'chr', 'cng', 'cpt', 'dla', 'dnr', 'eas', 'egc', 'ext', 'fao', 'fih', 'gci', 'gla', 'gro', 'grx', 'ibz', 'iom', 'jer', 'kan', 'ksa', 'lba', 'lcg', 'lei', 'lgw', 'lhr', 'los', 'lrh', 'lun', 'mad', 'maj', 'mel', 'mln', 'mql', 'mts', 'nim', 'nte', 'ool', 'ork', 'ovd', 'phc', 'pix', 'pna', 'rak', 'rns', 'sdr', 'sgy', 'snn', 'sou', 'syd', 'tng', 'vgo', 'vli', 'wdh', 'yxy']","['akl', 'bfi', 'bko', 'btm', 'cky', 'dud', 'eug', 'fna', 'fsp', 'geg', 'hnm', 'hqm', 'jhm', 'lih', 'mso', 'nkc', 'ogg', 'pae', 'pdx', 'psc', 'rai', 'sea', 'sjz', 'suv', 'tfn', 'vav', 'wlg', 'yeg', 'ylw', 'yqm', 'yqr', 'yqy', 'yvr', 'ywg', 'yxe', 'yxx', 'yyc', 'yyj', 'yyt', 'zqn']","['abi', 'ack', 'aex', 'ags', 'ama', 'ase', 'atw', 'avl', 'azo', 'bda', 'bed', 'bfl', 'bhm', 'bjc', 'bna', 'boi', 'bos', 'buf', 'bwi', 'cae', 'cha', 'cid', 'cld', 'cll', 'cmh', 'cmx', 'cvg', 'day', 'dca', 'det', 'dfw', 'dsm', 'dtw', 'ege', 'eri', 'far', 'fkl', 'fnt', 'fsd', 'gjt', 'grb', 'grr', 'gsp', 'hmo', 'hpn', 'huf', 'hya', 'iad', 'ida', 'ind', 'jac', 'jfk', 'laf', 'las', 'lax', 'lbf', 'lga', 'lit', 'lnk', 'luk', 'maf', 'mci', 'mdt', 'mem', 'mgm', 'mke', 'mli', 'mmh', 'msn', 'mtj', 'myf', 'nat', 'okc', 'ont', 'ord', 'orh', 'phl', 'pit', 'psp', 'pvd', 'pwm', 'rdu', 'rgi', 'riw', 'rno', 'roc', 'rst', 'san', 'sba', 'sce', 'sfo', 'sgu', 'shv', 'slc', 'sln', 'sna', 'stp', 'sun', 'swf', 'tij', 'tri', 'tul', 'tys', 'xna', 'yip', 'ymx', 'yoo', 'yqb', 'ysb', 'ytz', 'yum', 'yyz']","['agu', 'anu', 'baq', 'bgi', 'bon', 'bsb', 'ccs', 'cnf', 'crp', 'cul', 'cwb', 'dom', 'eux', 'fdf', 'fln', 'gcm', 'geo', 'gig', 'gnv', 'gru', 'gyn', 'hog', 'hrl', 'ipn', 'kin', 'lrd', 'mco', 'mex', 'mia', 'msy', 'pap', 'pbm', 'plu', 'pns', 'pos', 'ptp', 'pzo', 'rec', 'sab', 'sat', 'sdu', 'sju', 'slu', 'spg', 'ssa', 'stt', 'svd', 'tab', 'tpa', 'vcp', 'vln', 'zcl', 'zlo']","['asu', 'bog', 'ccp', 'clo', 'cuz', 'eze', 'gye', 'igu', 'lir', 'mao', 'mdz', 'mvd', 'poa', 'puq', 'scl', 'sjo', 'tbp', 'tru', 'ush']","['aqp', 'iqq']"
msq,"['iev', 'kbp', 'vno', 'waw']","['arn', 'bma', 'bts', 'bud', 'cph', 'dme', 'gdn', 'kiv', 'krk', 'led', 'mmx', 'ods', 'prg', 'rze', 'svo', 'tll', 'vie', 'wro']","['aar', 'aer', 'agb', 'anr', 'ath', 'bds', 'bgo', 'bhx', 'bre', 'bru', 'bva', 'cbg', 'cgn', 'cia', 'cvf', 'dnd', 'dus', 'ein', 'ens', 'evn', 'fdh', 'flr', 'fra', 'goa', 'got', 'gva', 'ham', 'hgl', 'hov', 'ist', 'kno', 'krr', 'ktt', 'lba', 'lej', 'lgw', 'lin', 'ltn', 'lys', 'man', 'mlh', 'mst', 'muc', 'nap', 'ncl', 'nwi', 'ory', 'ost', 'otp', 'oxf', 'prn', 'rms', 'rtm', 'sir', 'skg', 'sof', 'spu', 'str', 'sxb', 'tbs', 'tia', 'trd', 'trn', 'vce', 'vrn', 'zrh']","['agp', 'alc', 'amm', 'aqj', 'bah', 'bcn', 'bey', 'bgw', 'bio', 'blk', 'boh', 'brs', 'ccf', 'cng', 'cwl', 'dmm', 'doh', 'dxb', 'eas', 'ext', 'fao', 'fru', 'gib', 'glo', 'grw', 'hrg', 'ika', 'iom', 'jed', 'kef', 'lca', 'ldy', 'lis', 'lrh', 'lyr', 'mah', 'mjv', 'mln', 'nic', 'nte', 'ork', 'ovd', 'pik', 'pmi', 'puf', 'rba', 'ruh', 'sdr', 'slm', 'ssh', 'svx', 'tas', 'tif', 'tjm', 'tlv', 'tre', 'tse', 'vgo', 'vll', 'ynb']","['acc', 'add', 'amd', 'atq', 'bko', 'bom', 'del', 'dla', 'fsp', 'giz', 'hor', 'idr', 'ixb', 'jai', 'kan', 'krt', 'lfw', 'lko', 'lpa', 'ndj', 'nkc', 'pbh', 'pew', 'pnq', 'sah', 'sid', 'sma', 'ter', 'tfs', 'vns', 'yqy']","['abj', 'acy', 'alb', 'atw', 'azo', 'bda', 'bed', 'bjm', 'blr', 'bos', 'btv', 'bwi', 'cak', 'ccu', 'cju', 'ckg', 'cle', 'clt', 'cmh', 'cmx', 'cok', 'cts', 'ctu', 'dac', 'dar', 'dbq', 'det', 'dmk', 'dxr', 'ebb', 'ewr', 'fih', 'fna', 'fod', 'fuk', 'grb', 'gso', 'hgh', 'hkg', 'hre', 'hya', 'icn', 'isp', 'ixm', 'jfk', 'kmg', 'lad', 'lan', 'lex', 'llw', 'lse', 'lun', 'lwb', 'mbs', 'mdl', 'mdw', 'mht', 'mkg', 'mli', 'msp', 'nbo', 'ome', 'ord', 'orh', 'pek', 'phl', 'ptk', 'pvd', 'pwm', 'rdu', 'rfd', 'ric', 'roc', 'sbn', 'sdf', 'sha', 'slk', 'swf', 'syx', 'tao', 'tri', 'ttn', 'vte', 'xmn', 'yhm', 'yip', 'ymx', 'yoo', 'yqb', 'yqr', 'ysb', 'ytz', 'ywg', 'yxh', 'yxy', 'yyd', 'yzf']","['abq', 'ags', 'ama', 'apa', 'atl', 'aus', 'baq', 'bel', 'bfi', 'bgi', 'bil', 'bki', 'bmv', 'boi', 'bro', 'bur', 'bzn', 'ccs', 'cgk', 'chs', 'cll', 'cpv', 'ctg', 'cxr', 'dal', 'dfw', 'dsm', 'eat', 'ege', 'eug', 'eyw', 'fca', 'flg', 'for', 'gcm', 'geo', 'gjt', 'gnd', 'gpt', 'gsp', 'hav', 'hlp', 'hnd', 'hot', 'hqm', 'hsv', 'ict', 'ifp', 'jax', 'jpa', 'kin', 'kul', 'lax', 'lbf', 'lft', 'lgk', 'lmn', 'lnk', 'maf', 'mci', 'mcz', 'mgm', 'mlb', 'mmh', 'mpm', 'mry', 'msu', 'mtj', 'myf', 'nas', 'ngo', 'oak', 'okc', 'ont', 'pap', 'pbm', 'pdx', 'phx', 'pnh', 'pos', 'pse', 'ptp', 'pzo', 'rec', 'rno', 'row', 'run', 'saf', 'sat', 'sba', 'sea', 'sfo', 'sgf', 'sgn', 'shv', 'sjc', 'skb', 'sln', 'slz', 'sna', 'srq', 'sti', 'sts', 'stx', 'sux', 'sxm', 'tij', 'tpa', 'tsa', 'tus', 'uih', 'uvf', 'vln', 'wdh', 'yaz', 'yum', 'yxx']","['agu', 'asu', 'bjx', 'bpn', 'bze', 'cgh', 'clo', 'cul', 'cwb', 'eoh', 'gdl', 'gps', 'gua', 'gye', 'hnl', 'huu', 'ipn', 'jhm', 'joi', 'koa', 'lir', 'mao', 'mde', 'mga', 'ogg', 'pni', 'pty', 'qro', 'sal', 'sjd', 'soc', 'sub', 'tgu', 'tru', 'upg', 'vix', 'zih']","['aqp', 'cor', 'eze', 'gur', 'iqq', 'lim', 'mdz', 'per', 'pom', 'scl', 'srg']","['apw', 'bob', 'huh', 'mel', 'mql', 'ool', 'puq', 'suv', 'ush', 'vli']","['chc', 'nsn', 'wlg']",[]
syd,['cbr'],"['bne', 'mel', 'mql', 'ool']","['adl', 'zqn']","['akl', 'chc', 'drw', 'dud', 'gur', nan, 'per', 'pom', 'suv', 'vli', 'wlg']","['bdo', 'bob', 'bwn', 'cgk', 'dps', 'dvo', 'gum', 'hlp', 'ksa', 'lmn', 'mdc', 'ppg', 'soc', 'sub', 'upg']","['bkk', 'can', 'cxr', 'dad', 'fuk', 'hgh', 'hkg', 'hkt', 'huh', 'ixz', 'kix', 'kul', 'lpq', 'mnl', 'ngs', 'nrt', 'pdg', 'pnh', 'ppt', 'pvg', 'rgi', 'sgn', 'sha', 'sin', 'tak', 'tpe', 'uih', 'uth', 'xmn']","['ccu', 'ckg', 'cnx', 'cts', 'ctu', 'goi', 'hnl', 'hyd', 'icn', 'ito', 'ixm', 'kmg', 'ktm', 'lih', 'maa', 'mle', 'ogg', 'pek', 'pus', 'rgn', 'tao', 'trv', 'vns']","['ala', 'amd', 'atq', 'ccp', 'cpt', 'del', 'dza', 'eze', 'gbe', 'idr', 'ixc', 'jnb', 'khi', 'lko', 'lun', 'mct', 'mpm', 'msu', 'mvd', 'ovb', 'pnq', 'scl', 'sfo', 'sxr', 'tnr']","['abq', 'add', 'ahb', 'ans', 'aqp', 'asm', 'auh', 'bah', 'bfi', 'bgw', 'bjc', 'bjx', 'boi', 'brw', 'bur', 'bzn', 'cbb', 'cgr', 'cll', 'crp', 'cuz', 'dal', 'den', 'dfw', 'dmm', 'doh', 'dxb', 'ebb', 'elp', 'evn', 'fca', 'flg', 'gdl', 'gig', 'gjt', 'grk', 'gua', 'hmo', 'hqm', 'huu', 'iah', 'ifp', 'ika', 'iqq', 'jed', 'joi', 'kgl', 'kwi', 'las', 'lax', 'lbf', 'lim', 'lmt', 'lrd', 'med', 'mex', 'mmh', 'mtj', 'nbo', 'oak', 'ont', 'pdx', 'phx', 'pnz', 'psc', 'pvr', 'qro', 'riw', 'rno', 'row', 'saf', 'sal', 'san', 'sat', 'sdu', 'sea', 'sgu', 'sjc', 'sjo', 'slc', 'sna', 'sun', 'syz', 'tbs', 'tgu', 'tif', 'tjm', 'tse', 'uio', 'vgt', 'vog', 'yaz', 'ylw', 'ynb', 'yum', 'yvr', 'yxh', 'yxy', 'yyd', 'yzf', 'zih']","['abj', 'acc', 'aer', 'agc', 'aju', 'aqj', 'ath', 'atl', 'aua', 'avl', 'ayt', 'baq', 'bds', 'bel', 'bga', 'bhm', 'bmi', 'bog', 'brq', 'bts', 'buf', 'cae', 'cai', 'ccs', 'chs', 'ckb', 'clo', 'clt', 'cmi', 'coo', 'crw', 'cun', 'cvg', 'dam', 'dbq', 'dca', 'dla', 'dlh', 'dme', 'dsm', 'ecp', 'eri', 'eyw', 'fkl', 'fll', 'fod', 'fsd', 'gcm', 'geo', 'gmu', 'gnv', 'gpt', 'grr', 'gsp', 'gyn', 'hel', 'hog', 'hrg', 'huf', 'iad', 'ict', 'ind', 'ist', 'jax', 'jsi', 'kbp', 'kiv', 'krn', 'ktt', 'kuo', 'lan', 'lca', 'lex', 'lfw', 'lit', 'los', 'luk', 'lwo', 'lyr', 'mbj', 'mci', 'mco', 'mcz', 'mdt', 'mem', 'mgm', 'mia', 'mke', 'mlb', 'mlu', 'msp', 'msy', 'mzl', 'nat', 'nic', 'ods', 'oma', 'ord', 'osl', 'oul', 'pbi', 'pdv', 'phc', 'phl', 'pit', 'pos', 'pse', 'pty', 'rdu', 'rfd', 'rix', 'roc', 'rst', 'rze', 'sbn', 'sdf', 'sgf', 'shv', 'sju', 'skp', 'slz', 'sof', 'srq', 'ssh', 'stl', 'sux', 'syr', 'tgd', 'tll', 'tol', 'tpa', 'tri', 'tul', 'vie', 'vln', 'vps', 'wro', 'yhm', 'yng', 'yoo', 'yqt', 'ytz', 'yxu', 'yyz']","['aar', 'ack', 'agb', 'alb', 'alg', 'ams', 'anr', 'anu', 'bcn', 'bdl', 'bed', 'bfs', 'bgo', 'bgy', 'bhx', 'bjl', 'blk', 'bod', 'bos', 'brr', 'bru', 'btv', 'bwe', 'ccf', 'cgn', 'cia', 'cng', 'crl', 'cvf', 'dkr', 'dnr', 'dtm', 'dub', 'dxr', 'edi', 'ein', 'ens', 'ewr', 'fae', 'fdf', 'fez', 'flr', 'fna', 'fra', 'fsp', 'gib', 'glo', 'got', 'grx', 'gva', 'ham', 'hhn', 'hpn', 'ibz', 'inv', 'isc', 'jer', 'jfk', 'kno', 'lba', 'ldy', 'lej', 'lgg', 'lhr', 'lju', 'lrh', 'lux', 'mad', 'man', 'mht', 'mla', 'mln', 'mmx', 'mst', 'mvy', 'nap', 'ncl', 'nkc', 'nte', 'nwi', 'ork', 'ost', 'ovd', 'oxf', 'pmi', 'prg', 'ptp', 'pvd', 'rai', 'rms', 'rtm', 'sdr', 'sfa', 'sir', 'slk', 'slu', 'sou', 'stn', 'stt', 'svd', 'svq', 'sxb', 'sxm', 'tip', 'tng', 'trf', 'trs', 'txl', 'vce', 'vll', 'xry', 'ymx', 'yqb', 'yqx', 'ysj', 'yul', 'zag', 'zrh']","['aga', 'fao', 'fue', 'hor', 'lis', 'opo', 'pix', 'rak', 'scq', 'sjz', 'ter', 'tfs', 'vgo']"
edi,"['abz', 'bfs', 'bhx', 'blk', 'cbg', 'dub', 'ema', 'gla', 'inv', 'lba', 'lpl', 'ltn', 'man', 'ncl', 'oxf', 'tre']","['aar', 'aes', 'ams', 'bgo', 'bre', 'bru', 'bwe', 'cdg', 'cgn', 'cph', 'cwl', 'dtm', 'dus', 'ens', 'fae', 'gci', 'haj', 'ham', 'hhn', 'isc', 'kno', 'lcy', 'lgw', 'lhr', 'mgl', 'nqy', 'ork', 'osl', 'rns', 'sen', 'snn', 'sou', 'svg']","['agb', 'ang', 'arn', 'bcn', 'ber', 'bio', 'bma', 'bod', 'bsl', 'bud', 'chr', 'cng', 'eas', 'egc', 'fdh', 'flr', 'fra', 'gdn', 'goa', 'grw', 'gva', 'ibz', 'kef', 'krn', 'ktw', 'lcg', 'lin', 'lis', 'lrh', 'lwo', 'mad', 'mlh', 'mrs', 'muc', 'nce', 'nyo', 'orb', 'ovd', 'pmi', 'prg', 'puf', 'rlg', 'rms', 'scq', 'sir', 'spu', 'sxb', 'szg', 'tll', 'tos', 'trn', 'txl', 'vce', 'vie', 'vll', 'vrn', 'wro', 'zag', 'zrh']","['aer', 'agp', 'ath', 'bds', 'bey', 'cmn', 'dam', 'dbv', 'dnk', 'evn', 'fez', 'fsp', 'gib', 'grx', 'hor', 'ist', 'kbp', 'krr', 'led', 'lpa', 'mjv', 'mln', 'nic', 'ohd', 'pdl', 'pfo', 'pxo', 'rak', 'rov', 'sfj', 'sjz', 'skg', 'sma', 'svo', 'svq', 'tbs', 'ter', 'tfs', 'tia', 'tlv', 'tun', 'vko', 'xry', 'yqy']","['abj', 'acc', 'acy', 'ahb', 'alb', 'aqj', 'atw', 'auh', 'azo', 'bcb', 'bdl', 'bgr', 'bjl', 'bos', 'btv', 'bwi', 'ckb', 'cle', 'cmx', 'crw', 'dca', 'dkr', 'dlh', 'doh', 'dtw', 'dxb', 'dyu', 'ewr', 'fna', 'fru', 'giz', 'grr', 'hpn', 'hya', 'iad', 'isp', 'jfk', 'krt', 'lan', 'lga', 'lse', 'lwb', 'mbs', 'mdw', 'mfd', 'mht', 'mkg', 'mvy', 'nim', 'ord', 'orf', 'oua', 'oxb', 'phf', 'phl', 'pit', 'pvd', 'rai', 'ric', 'roc', 'sbn', 'shd', 'slk', 'swf', 'syz', 'thr', 'tjm', 'tse', 'yhm', 'yip', 'ymx', 'yng', 'yoo', 'yqb', 'yqt', 'ysj', 'yul', 'yxu', 'yzf']","['abq', 'aex', 'ama', 'anc', 'apa', 'atl', 'aua', 'aus', 'baq', 'bff', 'bgi', 'bil', 'bjm', 'bmi', 'bna', 'boi', 'bon', 'btm', 'bzv', 'ccs', 'cha', 'cid', 'clt', 'cpv', 'ctg', 'cvg', 'dal', 'del', 'den', 'dfw', 'dsm', 'ebb', 'ege', 'eug', 'eyw', 'fca', 'fih', 'fll', 'for', 'gcm', 'geo', 'gjt', 'gnd', 'goi', 'grk', 'gtr', 'hog', 'hou', 'hrl', 'huf', 'iah', 'ida', 'ifp', 'isb', 'ixc', 'jai', 'jib', 'kgl', 'kin', 'lad', 'las', 'lbf', 'lex', 'lhe', 'lko', 'lnk', 'maf', 'mci', 'mct', 'mcz', 'mem', 'mia', 'mli', 'mmh', 'mso', 'msp', 'msy', 'myr', 'nas', 'nbo', 'oma', 'pae', 'pbh', 'pbm', 'pdx', 'pek', 'pie', 'pns', 'psc', 'ptp', 'pzo', 'rec', 'riw', 'rnt', 'rst', 'sab', 'sah', 'sav', 'sdf', 'sea', 'sgu', 'shv', 'skb', 'slc', 'slu', 'smf', 'srq', 'stl', 'stt', 'sun', 'svd', 'sxr', 'tpa', 'tul', 'uvf', 'vln', 'vps', 'yaz', 'ylw', 'yvr', 'yxh', 'yxy', 'yyd']","['agu', 'bfl', 'bjx', 'blr', 'bsb', 'bur', 'can', 'cgh', 'cju', 'ckg', 'clo', 'cnf', 'cok', 'ctu', 'cuz', 'dad', 'dar', 'dza', 'fat', 'gbe', 'gig', 'gru', 'gye', 'han', 'hgh', 'hkg', 'hmo', 'hre', 'icn', 'itm', 'ixz', 'khh', 'kmg', 'lax', 'lir', 'lpq', 'lvi', 'maa', 'mde', 'mex', 'mle', 'mry', 'mts', 'mzl', 'ngs', 'oak', 'ont', 'phx', 'psp', 'pus', 'pvr', 'rep', 'sal', 'sba', 'sfo', 'sjc', 'sjo', 'ssa', 'syx', 'tao', 'tgu', 'tnr', 'tpe', 'trv', 'tus', 'usm', 'vcp', 'vte', 'xmn', 'zcl', 'zlo']","['ans', 'asu', 'bki', 'bpn', 'cbb', 'cgk', 'cpt', 'cxr', 'eze', 'gum', 'hnl', 'igu', 'ito', 'joi', 'koa', 'lbu', 'lih', 'lmn', 'mdz', 'mru', 'ogg', 'pen', 'pnz', 'ros', 'scl', 'sgn', 'srg', 'uih']","['dps', 'ipc', 'ksa', 'maj', 'pni', 'ror', 'soq', 'tkk', 'ush']","['bob', 'gur', 'huh', nan, 'pom', 'ppt', 'suv', 'vli']","['akl', 'cbr', 'mql', 'syd']","['dud', 'wlg']"
cpt,[],[],"['gbe', 'jnb', 'lvi', 'mpm', 'wdh']","['bzv', 'dza', 'hre', 'kgl', 'lbv', 'llw', 'lun', 'tnr']","['abv', 'add', 'bko', 'coo', 'ebb', 'jib', 'krt', 'los', 'mru', 'nbo', 'nim', 'phc']","['aep', 'ahb', 'amm', 'asu', 'ayt', 'bel', 'bey', 'bjl', 'cai', 'cgh', 'cmb', 'cnf', 'cor', 'cta', 'dam', 'dmm', 'doh', 'dxb', 'eze', 'fln', 'fue', 'giz', 'gyn', 'igu', 'ixm', 'jed', 'jpa', 'lca', 'lxr', 'mcz', 'med', 'mle', 'nat', 'nkc', 'pfo', 'pnz', 'puq', 'rak', 'ros', 'sah', 'scl', 'sfa', 'sid', 'ssa', 'syz', 'tfs', 'tip', 'tlv', 'tun', 'vcp', 'ynb']","['agb', 'alc', 'amd', 'ams', 'anr', 'aoi', 'ath', 'bcn', 'bds', 'ber', 'bgy', 'bio', 'blq', 'bod', 'bom', 'brq', 'bru', 'bsl', 'bud', 'bwe', 'cbg', 'ccu', 'cgk', 'chr', 'cng', 'crl', 'cvf', 'dac', 'dbv', 'dnk', 'dtm', 'dyu', 'egc', 'ema', 'esb', 'ext', 'fco', 'fdh', 'flr', 'fnc', 'fra', 'gci', 'geo', 'glo', 'goa', 'gro', 'grx', 'gva', 'ham', 'hhn', 'hkt', 'hlp', 'huu', 'ibz', 'iev', 'inn', 'isb', 'ist', 'ixc', 'jai', 'jog', 'jul', 'khi', 'kno', 'krr', 'ktw', 'kul', 'lcg', 'lei', 'lgg', 'lgw', 'lhr', 'lin', 'lis', 'lko', 'lpl', 'ltn', 'lwo', 'maa', 'mad', 'man', 'mgl', 'mlh', 'mmx', 'msq', 'muc', 'nap', 'nqy', 'nue', 'ods', 'opo', 'ory', 'otp', 'oxf', 'pdg', 'pdv', 'per', 'pix', 'pna', 'pos', 'prn', 'puf', 'pzo', 'rgn', 'rms', 'rov', 'rze', 'sdr', 'sin', 'sjj', 'skg', 'slm', 'sma', 'soc', 'sou', 'stn', 'sub', 'svq', 'sxf', 'szg', 'tas', 'tcq', 'tgd', 'tia', 'tng', 'trs', 'usm', 'vce', 'vie', 'vll', 'vns', 'vrn', 'wro', 'zag', 'zrh']","['aal', 'abz', 'adl', 'akl', 'anu', 'aua', 'bda', 'bfs', 'bgo', 'bki', 'bkk', 'bmv', 'bne', 'bog', 'bpn', 'bwn', 'cbr', 'chc', 'clo', 'ctg', 'cxr', 'dme', 'dnd', 'dps', 'dub', 'edi', 'eux', 'fru', 'ggt', 'goj', 'gov', 'gye', 'han', 'hel', 'hkg', 'hov', 'iom', 'kef', 'kmg', 'krs', 'kuo', 'ldy', 'led', 'lpq', 'mdc', 'mdl', 'mme', 'mql', 'ncl', 'nyo', 'orb', 'oul', 'pap', 'pik', 'pse', 'pty', 'rix', 'sdq', 'sjo', 'skb', 'stt', 'svg', 'svo', 'sxm', 'syd', 'tbp', 'tll', 'trd', 'trf', 'tse', 'uio', 'uth', 'vln', 'wlg', 'yqy', 'zqn']","['aca', 'acy', 'agc', 'alb', 'atl', 'avl', 'azo', 'bdl', 'bgr', 'bmi', 'bos', 'btv', 'bwi', 'cae', 'ceb', 'chs', 'ckb', 'clt', 'cmh', 'cmx', 'cun', 'cvg', 'day', 'dca', 'dtw', 'dxr', 'eri', 'ewr', 'fkl', 'fnt', 'fwa', 'gmu', 'gpt', 'grr', 'gso', 'gtr', 'gur', 'hgh', 'hot', 'hpn', 'hsv', 'hya', 'iad', 'iah', 'ind', 'jax', 'jfk', 'laf', 'lex', 'lga', 'lir', 'luk', 'lyr', 'mco', 'mdw', 'mem', 'mfd', 'mgm', 'mia', 'mkg', 'mli', 'mnl', 'msy', 'myr', 'nas', 'oka', 'ord', 'orh', 'pbi', 'pek', 'phl', 'pit', 'pom', 'pus', 'pvg', 'qro', 'rfd', 'roa', 'ror', 'sal', 'sbn', 'sdf', 'sha', 'shv', 'soq', 'srg', 'stl', 'swf', 'tao', 'tol', 'tpa', 'tri', 'ttn', 'vli', 'xmn', 'yhz', 'ymx', 'yoo', 'yqb', 'ysb', 'ytz', 'yxu', 'yyz']","['abq', 'ama', 'apw', 'aus', 'bil', 'bjx', 'brw', 'bzn', 'cld', 'crp', 'cul', 'den', 'dlh', 'ege', 'far', 'flg', 'fsd', 'gjt', 'gum', 'hmo', 'huh', 'ida', 'itm', 'kix', 'kuh', 'lbb', 'lnk', 'lrd', 'maf', 'mci', 'mso', 'msp', 'myf', 'nrt', 'oma', 'phx', 'ppg', 'psp', 'pvu', 'riw', 'rst', 'san', 'sgf', 'sjd', 'slc', 'stp', 'sux', 'tij', 'tul', 'vav', 'xna', 'ymm', 'yqt', 'ywg', 'yxh', 'yzf', 'zlo']","['bfi', 'bli', 'bur', 'eug', 'geg', 'lax', 'lmt', 'mry', 'ome', 'pae', 'pdx', 'rdd', 'rnt', 'sea', 'sfo', 'sjc', 'smf', 'sts', 'ylw', 'yvr', 'yxy', 'yyj']","['hnm', 'jhm', 'lih']"
auh,"['bah', 'doh', 'mct']","['dmm', 'kwi', 'ruh']","['amd', 'amm', 'bgw', 'bom', 'ika', 'jed', 'khi', 'med', 'pew', 'thr', 'ynb']","['add', 'ala', 'ath', 'ayt', 'beg', 'bey', 'blr', 'cai', 'ccu', 'cmb', 'cok', 'dam', 'dbv', 'del', 'dnk', 'ebb', 'evn', 'goi', 'hrg', 'hyd', 'iev', 'isb', 'ixb', 'ixm', 'jai', 'kbp', 'kiv', 'krt', 'ktm', 'lhe', 'lko', 'lxr', 'maa', 'mle', 'nbo', 'ods', 'otp', 'pbh', 'pfo', 'pnq', 'rov', 'skg', 'skp', 'ssh', 'svx', 'tas', 'tgd', 'tjm', 'tlv', 'trv', 'tse', 'vns']","['aar', 'abz', 'agb', 'alc', 'ams', 'anr', 'arn', 'ber', 'bgo', 'bhd', 'bio', 'bkk', 'blk', 'bma', 'bod', 'bre', 'brs', 'bru', 'bts', 'bud', 'bwe', 'can', 'ccf', 'cdg', 'chr', 'ckg', 'cnx', 'cph', 'cta', 'cvf', 'cxr', 'dla', 'dnd', 'dtm', 'dub', 'dza', 'edi', 'ein', 'ens', 'fco', 'fez', 'fkb', 'fmo', 'fsc', 'gdn', 'gla', 'goa', 'gro', 'grz', 'gva', 'ham', 'hel', 'hgl', 'hkt', 'hre', 'inn', 'iom', 'ixz', 'kan', 'kno', 'krn', 'ktt', 'kul', 'lad', 'lbv', 'led', 'lej', 'lgk', 'lhr', 'lju', 'los', 'lpq', 'ltn', 'lux', 'lys', 'mad', 'man', 'mgl', 'mla', 'mln', 'mmx', 'mru', 'muc', 'mxp', 'nce', 'ndj', 'nqy', 'nue', 'nyo', 'ory', 'ost', 'ovb', 'oxf', 'pek', 'phc', 'pmi', 'pnh', 'prg', 'puf', 'rba', 'rgn', 'rlg', 'rns', 'run', 'sdr', 'sfa', 'sin', 'slm', 'spu', 'str', 'svq', 'sxf', 'szg', 'tll', 'tng', 'tos', 'trf', 'trs', 'tun', 'uih', 'uth', 'vie', 'vlc', 'vno', 'vte', 'wro', 'zag', 'zrh']","['acc', 'aga', 'beb', 'bki', 'bpn', 'bwn', 'ceb', 'cgk', 'cky', 'cmn', 'cts', 'dps', 'dvo', 'fao', 'fnc', 'fuk', 'grw', 'hkd', 'hkg', 'hlp', 'icn', 'jnb', 'kef', 'kix', 'lcg', 'lfw', 'lis', 'lpa', 'mdc', 'mnl', 'msu', 'ngo', 'nkc', 'opo', 'oua', 'pdl', 'pus', 'pvg', 'rak', 'sha', 'sma', 'soc', 'tak', 'ter', 'tfs', 'tre', 'upg', 'vgo', 'wdh']","['drw', 'gov', 'hnd', 'nrt', 'per', 'ror', 'sid', 'yqx', 'yyt']","['ack', 'adl', 'aju', 'anc', 'atw', 'azo', 'bda', 'bdl', 'bel', 'bgr', 'bmi', 'bos', 'buf', 'cak', 'cid', 'cle', 'cmh', 'cmx', 'cpv', 'cvg', 'dbq', 'det', 'dom', 'dxr', 'eux', 'ewr', 'fca', 'fkl', 'fod', 'fsd', 'gig', 'grr', 'gur', 'huf', 'iad', 'ind', 'isp', 'jfk', 'ksa', 'lan', 'lex', 'lse', 'lwb', 'mcw', 'mdt', 'mel', 'mht', 'mkg', 'moo', 'msn', 'msp', 'myr', 'ord', 'orf', 'pbm', 'phl', 'plu', 'pom', 'ptp', 'pwm', 'rdu', 'rfd', 'roa', 'rst', 'sbn', 'sdf', 'sgy', 'skb', 'slu', 'ssa', 'stt', 'svd', 'sxm', 'tab', 'tol', 'ttn', 'vix', 'yeg', 'yhz', 'ylw', 'ymx', 'yoo', 'yow', 'yqb', 'yqr', 'ysb', 'ytz', 'yul', 'ywg', 'yxh', 'yxx', 'yyc', 'yyj', 'yyz']","['abq', 'aex', 'ama', 'ase', 'atl', 'aus', 'baq', 'bfi', 'bga', 'bil', 'bna', 'bne', 'boi', 'bro', 'btm', 'bur', 'bzn', 'cbb', 'cgh', 'cha', 'cld', 'clo', 'crp', 'cun', 'dab', 'den', 'dfw', 'dud', 'ecp', 'elp', 'eug', 'eze', 'flg', 'fll', 'gcm', 'geg', 'ggt', 'gmu', 'gnv', 'grk', 'gsp', 'gyn', 'hir', 'hnl', 'hot', 'hou', 'hrl', 'iah', 'ida', 'igu', 'jax', 'joi', 'las', 'lax', 'lbf', 'lgb', 'lit', 'lnk', 'maf', 'mao', 'mci', 'mco', 'mem', 'mia', 'mlu', 'mry', 'msy', 'mvd', 'mzl', 'oak', 'oma', 'ool', 'pap', 'pdx', 'phx', 'pns', 'poa', 'psc', 'psp', 'pty', 'pzo', 'riw', 'rnt', 'row', 'saf', 'san', 'sav', 'sdq', 'sea', 'sfo', 'sgu', 'sjc', 'slc', 'smf', 'spg', 'sti', 'stl', 'sun', 'syd', 'tpa', 'tus', 'vcp', 'vli', 'vps', 'yum']","['agu', 'akl', 'apw', 'bjx', 'chc', 'cul', 'gdl', 'gua', 'gye', 'huu', 'ito', 'koa', 'lim', 'lpb', 'mex', nan, 'ogg', 'puq', 'qro', 'scl', 'sjo', 'tbp', 'tgu', 'uio', 'vav', 'zcl', 'zlo']","['huh', 'rgi']",[]
bjs,[],['tao'],"['can', 'ckg', 'ctu', 'hgh', 'hkg', 'khh', 'kix', 'ngs', 'pus', 'pvg', 'sha', 'tpe', 'xmn']","['ala', 'bki', 'bkk', 'bwn', 'ceb', 'cnx', 'cxr', 'dad', 'del', 'dvo', 'han', 'hkt', 'isb', 'ixc', 'jai', 'ktm', 'lbu', 'lko', 'lpq', 'mnl', 'ovb', 'pew', 'pnh', 'rep', 'sgn', 'syx', 'tse', 'usm', 'vns', 'vte']","['amd', 'auh', 'blr', 'bom', 'brw', 'cgk', 'cok', 'dps', 'dxb', 'evn', 'goj', 'hft', 'hyd', 'ika', 'jog', 'kul', 'lgk', 'maa', 'mdc', 'ome', 'pen', 'pnq', 'rov', 'sin', 'soq', 'svo', 'syz', 'thr', 'tkk', 'upg', 'vog']","['aar', 'aer', 'agb', 'amm', 'anc', 'aoi', 'arn', 'ath', 'ayt', 'bds', 'beg', 'ber', 'bgo', 'bma', 'brq', 'bru', 'bud', 'cai', 'cph', 'dam', 'dbv', 'dnd', 'doh', 'dtm', 'edi', 'ens', 'fae', 'fkb', 'fra', 'giz', 'gov', 'gur', 'ham', 'hel', 'hhn', 'hov', 'iev', 'inv', 'ist', 'jib', 'kbp', 'kiv', 'krk', 'krr', 'ksa', 'ktw', 'kwi', 'led', 'lgg', 'lju', 'lwo', 'maj', 'mgl', 'mmx', 'msq', 'muc', 'nic', 'nwi', 'ods', 'orb', 'otp', 'pdv', 'pfo', 'pom', 'prg', 'rix', 'rms', 'ruh', 'sah', 'sjj', 'skp', 'spu', 'str', 'sxb', 'szg', 'tia', 'tll', 'tlv', 'trd', 'trs', 'vce', 'vie', 'vrn', 'waw', 'ynb', 'yyd', 'zag', 'zrh']","['adl', 'alc', 'ang', 'bcn', 'bfl', 'bgy', 'bhx', 'bio', 'bli', 'blk', 'bne', 'boh', 'brr', 'bsl', 'bva', 'cbg', 'ccf', 'chr', 'cng', 'cvf', 'dar', 'dnr', 'dza', 'eat', 'egc', 'eug', 'fao', 'fat', 'fco', 'flr', 'gci', 'geg', 'gla', 'goa', 'grw', 'gva', 'hnl', 'hqm', 'ida', 'isc', 'jac', 'jhm', 'kgl', 'krt', 'lcg', 'ldy', 'lgw', 'lhr', 'lis', 'lpl', 'ltn', 'mad', 'man', 'mjv', 'mlh', 'mmh', 'mrs', 'mru', 'mso', nan, 'nbo', 'nqy', 'oak', 'ogg', 'opo', 'ory', 'ovd', 'pae', 'pdx', 'pix', 'pna', 'psa', 'puf', 'rba', 'riw', 'rns', 'run', 'scq', 'sea', 'sfa', 'sfo', 'sjc', 'slm', 'snn', 'stn', 'sun', 'svq', 'syd', 'tls', 'tnr', 'trn', 'vav', 'vlc', 'vll', 'yaz', 'ylw', 'yqr', 'yvr', 'yxe', 'yxx', 'yyc', 'zaz']","['abi', 'abv', 'ace', 'acy', 'aga', 'ags', 'akl', 'ama', 'ase', 'atw', 'avl', 'azo', 'bdl', 'bff', 'bhm', 'bko', 'bna', 'bos', 'btv', 'buf', 'bwi', 'cae', 'cha', 'chs', 'ckb', 'cle', 'clt', 'cmi', 'cmx', 'crp', 'cul', 'dal', 'dbq', 'dca', 'det', 'dfw', 'dsm', 'dud', 'ecp', 'elp', 'ewr', 'fkl', 'fnc', 'fod', 'fsp', 'fwa', 'gjt', 'gpt', 'grk', 'gso', 'gtr', 'hor', 'hou', 'hre', 'hsv', 'huh', 'iad', 'ict', 'ind', 'jfk', 'kan', 'laf', 'las', 'lax', 'lbf', 'lex', 'lfw', 'lgb', 'llw', 'los', 'lrd', 'luk', 'lun', 'lwb', 'mbs', 'mci', 'mdt', 'mem', 'mgm', 'mke', 'mli', 'mpm', 'msp', 'msy', 'mts', 'myf', 'ndj', 'nkc', 'okc', 'ont', 'ord', 'orh', 'pdl', 'phf', 'phx', 'pns', 'psp', 'pvd', 'pxo', 'rdu', 'rgi', 'roa', 'row', 'saf', 'san', 'sat', 'sbn', 'sdf', 'sgu', 'shv', 'sjz', 'sln', 'sna', 'stl', 'sux', 'syr', 'tfn', 'tij', 'tri', 'tul', 'tys', 'vgt', 'wlg', 'yhm', 'yip', 'ymx', 'yoo', 'yow', 'yqm', 'yqy', 'ysj', 'yul', 'yxu', 'yyz', 'zqn']","['aca', 'anu', 'bjl', 'bze', 'cpt', 'cun', 'dkr', 'eux', 'fdf', 'fna', 'gdl', 'gnv', 'hav', 'jax', 'mbj', 'mex', 'mia', 'nas', 'pap', 'pie', 'ptp', 'qro', 'rsw', 'sal', 'sid', 'skb', 'srq', 'stt', 'sxm', 'tpa', 'zih']","['aua', 'bel', 'bgi', 'bon', 'clo', 'ctg', 'for', 'gnd', 'gye', 'jpa', 'mao', 'mde', 'nat', 'pos', 'pzo', 'sjo', 'slz', 'svd', 'tbp', 'uio', 'vln']","['aqp', 'cbb', 'cgr', 'cuz', 'gig', 'gyn', 'ipn', 'jul', 'lpb', 'pnz', 'ssa', 'tru', 'vix']","['asu', 'cor', 'fln', 'joi', 'mvd', 'puq', 'scl', 'ush']"
del,"['atq', 'ixc', 'jai', 'lko']","['amd', 'idr', 'isb', 'ktm', 'sxr', 'vns']","['ala', 'blr', 'bom', 'ccu', 'dac', 'fru', 'goi', 'hyd', 'ixb', 'maa', 'mct', 'pbh', 'pnq', 'tas']","['ahb', 'auh', 'bah', 'bgw', 'bkk', 'can', 'ckg', 'cmb', 'cok', 'ctu', 'dad', 'dmk', 'doh', 'dxb', 'giz', 'han', 'hkg', 'hkt', 'ixm', 'ixz', 'jed', 'kmg', 'kul', 'kwi', 'lgk', 'mdl', 'med', 'mle', 'pek', 'pnh', 'rgn', 'ruh', 'sgn', 'syx', 'tbs', 'tif', 'trv', 'uih', 'usm', 'vog', 'ynb']","['add', 'aoi', 'arn', 'ath', 'bdo', 'beg', 'bki', 'bma', 'brq', 'bud', 'bwn', 'cai', 'ceb', 'cgk', 'cju', 'cta', 'dar', 'dme', 'dps', 'dza', 'esb', 'fco', 'flr', 'gdn', 'got', 'hel', 'hgh', 'hlp', 'hnd', 'hrg', 'icn', 'inn', 'ist', 'itm', 'jsi', 'khh', 'kix', 'krn', 'ktt', 'kuo', 'lca', 'lej', 'lmn', 'lxr', 'mla', 'mnl', 'msq', 'nap', 'nbo', 'ngs', 'nrt', 'nyo', 'ohd', 'orb', 'otp', 'pdg', 'pfo', 'prg', 'pus', 'rix', 'run', 'sha', 'sin', 'skg', 'soc', 'spu', 'sub', 'svo', 'szg', 'tao', 'tia', 'tlv', 'tpe', 'tsa', 'txl', 'vce', 'vko', 'vrn', 'waw', 'xmn']","['abv', 'aes', 'alc', 'alg', 'ams', 'anr', 'bcn', 'bfs', 'bgy', 'bhx', 'bjm', 'blk', 'boh', 'brr', 'bru', 'bva', 'cbg', 'cdg', 'chr', 'cmn', 'crl', 'cwl', 'dnd', 'drw', 'dub', 'eas', 'egc', 'ema', 'ext', 'fao', 'fez', 'fkb', 'fra', 'gci', 'gla', 'goa', 'gro', 'grx', 'gva', 'ham', 'hhn', 'hre', 'inv', 'isc', 'kan', 'kgl', 'krs', 'lba', 'lcg', 'ldy', 'lgg', 'lgw', 'lhr', 'lis', 'lpl', 'ltn', 'lux', 'lyr', 'mad', 'man', 'mjv', 'mln', 'mpm', 'mst', 'mxp', 'ncl', 'nim', 'nte', 'opo', 'ory', 'ovd', 'per', 'phc', 'pix', 'pna', 'puf', 'rak', 'rms', 'ror', 'scq', 'sen', 'sir', 'snn', 'sou', 'str', 'svq', 'tip', 'tng', 'trd', 'trf', 'tun', 'vlc', 'xry', 'zrh']","['acc', 'adl', 'aga', 'bjl', 'brw', 'coo', 'cpt', 'fna', 'fue', 'gur', 'hor', 'jnb', 'lad', 'los', 'moo', 'msu', 'ome', 'oxb', 'pni', 'pxo', 'sgy', 'sma', 'tfn', 'tkk', 'wdh', 'yzf']","['ack', 'alb', 'avp', 'bdl', 'bfi', 'bil', 'bne', 'bos', 'btv', 'buf', 'bzn', 'cle', 'det', 'dtw', 'eat', 'eug', 'ewr', 'far', 'fkl', 'fsp', 'grb', 'hnl', 'hqm', 'ida', 'jac', 'jfk', 'lga', 'lmt', 'maj', 'mdt', 'mel', 'mke', 'msn', 'msp', nan, 'orh', 'pdx', 'phl', 'psc', 'pvd', 'rai', 'roc', 'sce', 'sea', 'slk', 'sun', 'syd', 'ttn', 'yaz', 'yeg', 'yhz', 'yip', 'ymm', 'yng', 'yoo', 'yqb', 'yqr', 'yqx', 'ysb', 'ytz', 'yvr', 'ywg', 'yxe', 'yxu', 'yxx', 'yyd', 'yyt', 'yyz']","['abq', 'agc', 'aju', 'akl', 'anu', 'apw', 'atl', 'aus', 'bcb', 'bel', 'bfl', 'bhm', 'bmi', 'bro', 'bwi', 'cak', 'chc', 'cid', 'cld', 'clt', 'cmh', 'cpv', 'crw', 'cvg', 'dal', 'day', 'dca', 'den', 'dfw', 'dsm', 'ecp', 'elp', 'eyw', 'fat', 'flg', 'fll', 'for', 'fwa', 'ggt', 'gmu', 'gnv', 'grk', 'gsp', 'hav', 'hnm', 'hot', 'hou', 'hsv', 'iad', 'iah', 'ifp', 'ind', 'ito', 'jax', 'jpa', 'koa', 'las', 'lax', 'lbf', 'lft', 'lit', 'lrd', 'lwb', 'maf', 'mci', 'mco', 'mcz', 'mem', 'mgm', 'mia', 'mli', 'mmh', 'msy', 'myf', 'nas', 'nsn', 'oak', 'ogg', 'okc', 'ont', 'ord', 'orf', 'pbi', 'phf', 'pie', 'pns', 'ppg', 'psp', 'pvu', 'rdu', 'rfd', 'riw', 'roa', 'rsw', 'saf', 'san', 'sat', 'sba', 'sdf', 'sfo', 'sgu', 'shv', 'sjc', 'skb', 'slc', 'slu', 'smf', 'spg', 'ssa', 'stl', 'stt', 'suv', 'svd', 'tab', 'tol', 'tpa', 'tul', 'tus', 'uvf', 'vgt', 'vps', 'wlg', 'xna', 'zqn']","['aep', 'asu', 'baq', 'bjx', 'bog', 'bsb', 'ccs', 'cgr', 'cnf', 'cul', 'cwb', 'eze', 'gcm', 'gig', 'gua', 'huh', 'joi', 'lir', 'mbj', 'mex', 'mvd', 'plu', 'poa', 'pty', 'pzo', 'rgi', 'sdu', 'sjo', 'uio', 'vln', 'zih']","['aqp', 'ccp', 'cuz', 'gye', 'iqq', 'lim', 'mdz', 'ros', 'scl', 'srg', 'tcq', 'ush']",[]
